"Make","Model","Type","Offerte","Versnellingen","Vermogen","CC","Kleur","Interieur","Brandstof","VIN","Eerste Inschrijving","Verwachte kms","Verwachte levertermijn","BTW","Dealer","Straat","Plaats","Postcode","Tel","Mobile","Schades","fotos"
"Peugeot","208","II > Line","1465040","manueel 6","74 Kw (101 Hp)","1199 cc","grijs (metaalkleur)","zwart (stof)","benzine","VR3UPHNEKNT073354","19-07-2022","20000 Km","30-06-2024","Nee","Peugeot Duran Ieper","Dehemlaan 3","Ieper","8900","+32 0 57 20 78 83","-","Foto's voertuig            Vastgestelde schades Geen enkel schade vastgesteld Andere opmerkingen Voiture immatriculation FR - Polissage requis   Interieur Proper  ","https://automotivegroup-usedcars.be/data/cars/48406/resized_111767284966576f33b8a94.jpg , https://automotivegroup-usedcars.be/data/cars/48406/resized_154664753566576f3395661.jpg , https://automotivegroup-usedcars.be/data/cars/48406/resized_69179174966576f33dbbe3.jpg , https://automotivegroup-usedcars.be/data/cars/48406/resized_132952275866576f335439f.jpg , https://automotivegroup-usedcars.be/data/cars/48406/resized_188336064866576f33745ea.jpg , https://automotivegroup-usedcars.be/data/cars/48406/resized_141875633566576f32a9c6e.jpg , https://automotivegroup-usedcars.be/data/cars/48406/resized_16599947366576f32cb76d.jpg , https://automotivegroup-usedcars.be/data/cars/48406/resized_157464220566576f32ea089.jpg , https://automotivegroup-usedcars.be/data/cars/48406/resized_150733415366576f33171f0.jpg , https://automotivegroup-usedcars.be/data/cars/48406/resized_63749289266576f3336c15.jpg"
"Peugeot","3008","I Allure","1465038","gerobotiseerd 6","84 Kw (114 Hp)","1560 cc","zwart (metaalkleur)","zwart (stof)","diesel","VF30U9HD8DS065595","06-05-2013","205000 Km","01-11-2024","Nee","Kia Van Gansen","Leugenberg 105","Ekeren","2180","+32 0 3 660 26 02","-","Foto's voertuig                    Vastgestelde schades Voorbumper Krassen    Motorkap Krassen    Voorvleugel links Krassen    Voorvleugel rechts Krassen    Linkse voordeur Krassen    Rechtse voordeur Krassen    Achterdeur links Krassen    Achterdeur rechts Krassen    Achtervleugel links Krassen    Achtervleugel rechts Krassen    Achterbumper Krassen    Voorwiel links Krassen    ","https://felix-usedcars.be/data/cars/20601/resized_102931750566549473e5405.jpeg , https://felix-usedcars.be/data/cars/20601/resized_109160357366549474d9aa1.jpeg , https://felix-usedcars.be/data/cars/20601/resized_116603353266549475dbc11.jpeg , https://felix-usedcars.be/data/cars/20601/resized_145182549566549477eed5e.jpeg , https://felix-usedcars.be/data/cars/20601/resized_5693940046654947c1e777.jpeg , https://felix-usedcars.be/data/cars/20601/resized_932761116654947d263db.jpeg , https://felix-usedcars.be/data/cars/20601/resized_3493477636654947e0f97b.jpeg , https://felix-usedcars.be/data/cars/20601/resized_108073369266549480e0839.jpeg , https://felix-usedcars.be/data/cars/20601/resized_118496127766549482defbc.jpeg , https://felix-usedcars.be/data/cars/20601/resized_68083458166549481dd441.jpeg , https://felix-usedcars.be/data/cars/20601/resized_198114237066549476ea13f.jpeg , https://felix-usedcars.be/data/cars/20601/resized_91214609666549478e86e0.jpeg , https://felix-usedcars.be/data/cars/20601/resized_194627492366549479dfef9.jpeg , https://felix-usedcars.be/data/cars/20601/resized_8171590366654947ac2f13.jpeg , https://felix-usedcars.be/data/cars/20601/resized_12254313906654947eef883.jpeg , https://felix-usedcars.be/data/cars/20601/resized_2541704846654947fe7f13.jpeg , https://felix-usedcars.be/data/cars/20601/resized_195111059066549484c5e68.jpeg , https://felix-usedcars.be/data/cars/20601/resized_99588161666575818d761b.jpeg"
"BMW","Serie 2 218","d Gran Tourer 7 places","1465037","manueel 6","110 Kw (150 Hp)","1995 cc","zwart (metaalkleur)","anthraciet (alcantara)","diesel","WBA2E510405C93880","24-03-2016","126000 Km","30-06-2024","Nee","L.Louyet Mariembourg","Chaussée de Philippeville, 67","Mariembourg","5660","+32 0 60 31 03 50","-","Foto's voertuig                                  Vastgestelde schades Voorbumper Schade en krassen Cailloux + petite griffe   Motorkap Schade cailloux   Achterbumper Krassen    Voorwiel rechts Krassen    Interieur Proper  ","https://reprises-louyet.be/data/cars/77141/resized_33237162066576587a8347.jpg , https://reprises-louyet.be/data/cars/77141/resized_9374976346657658850abc.jpg , https://reprises-louyet.be/data/cars/77141/resized_8297590366576588e09eb.jpg , https://reprises-louyet.be/data/cars/77141/resized_4071044056657658990a8a.jpg , https://reprises-louyet.be/data/cars/77141/resized_8440170046657658a41998.jpg , https://reprises-louyet.be/data/cars/77141/resized_1442367106657658ae507b.jpg , https://reprises-louyet.be/data/cars/77141/resized_7413680336657658b96d64.jpg , https://reprises-louyet.be/data/cars/77141/resized_3429648836657658c428f2.jpg , https://reprises-louyet.be/data/cars/77141/resized_7759314536657659152188.jpg , https://reprises-louyet.be/data/cars/77141/resized_171518537466576591f13dc.jpg , https://reprises-louyet.be/data/cars/77141/resized_118105138466576595d42e5.jpg , https://reprises-louyet.be/data/cars/77141/resized_3811603626657659bcb8f5.jpg , https://reprises-louyet.be/data/cars/77141/resized_17725822846657659538648.jpg , https://reprises-louyet.be/data/cars/77141/resized_431342816657659359a14.jpg , https://reprises-louyet.be/data/cars/77141/resized_81655817766576593eca62.jpg , https://reprises-louyet.be/data/cars/77141/resized_124687995266576596747e7.jpg , https://reprises-louyet.be/data/cars/77141/resized_70483699366576597b72ca.jpg , https://reprises-louyet.be/data/cars/77141/resized_1615372185665765971047a.jpg , https://reprises-louyet.be/data/cars/77141/resized_1079561246665765986520b.jpg , https://reprises-louyet.be/data/cars/77141/resized_2722161665765990eebd.jpg , https://reprises-louyet.be/data/cars/77141/resized_155965489566576592a7b19.jpg , https://reprises-louyet.be/data/cars/77141/resized_392646500665765948c2ac.jpg , https://reprises-louyet.be/data/cars/77141/resized_1613961206657659c85672.jpg , https://reprises-louyet.be/data/cars/77141/resized_3421374806657658ce1ceb.jpg , https://reprises-louyet.be/data/cars/77141/resized_7329053096657658d7fbea.jpg , https://reprises-louyet.be/data/cars/77141/resized_14139776316657658e25701.jpg , https://reprises-louyet.be/data/cars/77141/resized_315898816657658eca208.jpg , https://reprises-louyet.be/data/cars/77141/resized_15186356416657658f6f39a.jpg , https://reprises-louyet.be/data/cars/77141/resized_2130097165665765901614a.jpg , https://reprises-louyet.be/data/cars/77141/resized_155366459666576590b023e.jpg , https://reprises-louyet.be/data/cars/77141/resized_139512990466576599a636b.jpg , https://reprises-louyet.be/data/cars/77141/resized_19077296686657659b1f98d.jpg"
"Lexus","CT 200h","200h","1465036","autom. cvt","73 Kw (99 Hp)","1798 cc","zwart (anders)","zwart (leder)","elektrisch / benzine","JTHKD5BH602316566","29-01-2018","91500 Km","30-06-2024","Nee","Kia Van Gansen","Leugenberg 105","Ekeren","2180","+32 0 3 660 26 02","-","Foto's voertuig              Vastgestelde schades Voorbumper Krassen    Linkse voordeur Krassen    Rechtse voordeur Krassen    Achterbumper Krassen    ","https://felix-usedcars.be/data/cars/20620/resized_1547312683665762410d55c.jpeg , https://felix-usedcars.be/data/cars/20620/resized_862259526657623faece1.jpeg , https://felix-usedcars.be/data/cars/20620/resized_8109440466657623da5786.jpeg , https://felix-usedcars.be/data/cars/20620/resized_4149230516657623e557d1.jpeg , https://felix-usedcars.be/data/cars/20620/resized_17955464046657624273708.jpeg , https://felix-usedcars.be/data/cars/20620/resized_2470184366576243b850e.jpeg , https://felix-usedcars.be/data/cars/20620/resized_21242152026657624325b33.jpeg , https://felix-usedcars.be/data/cars/20620/resized_161109596657623f0eee0.jpeg , https://felix-usedcars.be/data/cars/20620/resized_8430772046657624060213.jpeg , https://felix-usedcars.be/data/cars/20620/resized_90915672466576241bd951.jpeg , https://felix-usedcars.be/data/cars/20620/resized_123198179366576244d31c0.jpeg , https://felix-usedcars.be/data/cars/20620/resized_1871002527665762445046f.jpeg"
"BMW","Serie 5 520",".","1465035","auto 8","135 Kw (184 Hp)","1995 cc","zwart (metaalkleur)","beige (leder)","diesel","WBAFW11040DY48806","14-08-2012","206500 Km","07-06-2024","Nee","Garage TM-Cars","Industrielaan 33","Hoesselt","3730","-","0476/96.59.40","Foto's voertuig                        Vastgestelde schades Geen enkel schade vastgesteld   ","https://tmcars-usedcars.be/data/cars/1350/resized_9639400586657655c2b99a.jpg , https://tmcars-usedcars.be/data/cars/1350/resized_18401729696657655c559bc.jpg , https://tmcars-usedcars.be/data/cars/1350/resized_2991020486657655c80077.jpg , https://tmcars-usedcars.be/data/cars/1350/resized_9232534386657655ca8f33.jpg , https://tmcars-usedcars.be/data/cars/1350/resized_20497986226657655cd1c46.jpg , https://tmcars-usedcars.be/data/cars/1350/resized_12082846126657655d08fb0.jpg , https://tmcars-usedcars.be/data/cars/1350/resized_5551399356657655d2fd0a.jpg , https://tmcars-usedcars.be/data/cars/1350/resized_8835876466657655d5b137.jpg , https://tmcars-usedcars.be/data/cars/1350/resized_12235667756657655d84b44.jpg , https://tmcars-usedcars.be/data/cars/1350/resized_6349809836657655dadc04.jpg , https://tmcars-usedcars.be/data/cars/1350/resized_2208800016657655dd6a5a.jpg , https://tmcars-usedcars.be/data/cars/1350/resized_6790972926657655e0a397.jpg , https://tmcars-usedcars.be/data/cars/1350/resized_21327666206657655e33274.jpg , https://tmcars-usedcars.be/data/cars/1350/resized_5354376076657655e590ec.jpg , https://tmcars-usedcars.be/data/cars/1350/resized_1856092076657655e823fd.jpg , https://tmcars-usedcars.be/data/cars/1350/resized_20652261776657655ead0a9.jpg , https://tmcars-usedcars.be/data/cars/1350/resized_11682891076657655ed6967.jpg , https://tmcars-usedcars.be/data/cars/1350/resized_5731444016657655f0dc1a.jpg , https://tmcars-usedcars.be/data/cars/1350/resized_18891859176657655f376c2.jpg , https://tmcars-usedcars.be/data/cars/1350/resized_19810028546657655f6159f.jpg , https://tmcars-usedcars.be/data/cars/1350/resized_13151449106657655f8c3b5.jpg , https://tmcars-usedcars.be/data/cars/1350/resized_14894715296657655fb5e7d.jpg"
"Mercedes-Benz","Vito","111 Lang","1465034","manueel 6","85 Kw (115 Hp)","1600 cc","zwart (unikleur)","zwart (stof)","diesel","WDF44760313119372","20-01-2016","158000 Km","31-05-2024","Ja","SDP MOTORS","Steenweg 105","Opwijk","1745","0487196298","-","Foto's voertuig                   Vastgestelde schades Achterbumper Schade    Interieur Proper  ","https://sdpmotors-usedcars.be/data/cars/20/resized_17770577036633e20995269.jpeg , https://sdpmotors-usedcars.be/data/cars/20/resized_19570068476633e209cea9d.jpeg , https://sdpmotors-usedcars.be/data/cars/20/resized_1379726086633e20a132ff.jpeg , https://sdpmotors-usedcars.be/data/cars/20/resized_92849286633e20a4a07e.jpeg , https://sdpmotors-usedcars.be/data/cars/20/resized_12770331666633e20a81f45.jpeg , https://sdpmotors-usedcars.be/data/cars/20/resized_19649005656633e20ab937f.jpeg , https://sdpmotors-usedcars.be/data/cars/20/resized_7183231466633e20af1591.jpeg , https://sdpmotors-usedcars.be/data/cars/20/resized_11021032486633e20b3345e.jpeg , https://sdpmotors-usedcars.be/data/cars/20/resized_7811401486633e20b69f67.jpeg , https://sdpmotors-usedcars.be/data/cars/20/resized_15474265486633e20b9f5d0.jpeg , https://sdpmotors-usedcars.be/data/cars/20/resized_12657660726633e20bd5035.jpeg , https://sdpmotors-usedcars.be/data/cars/20/resized_12370823046633e20c177b0.jpeg , https://sdpmotors-usedcars.be/data/cars/20/resized_20358098176633e20c4efb3.jpeg , https://sdpmotors-usedcars.be/data/cars/20/resized_20145530216633e20c85f8f.jpeg , https://sdpmotors-usedcars.be/data/cars/20/resized_11408739296633e20cbf011.jpeg , https://sdpmotors-usedcars.be/data/cars/20/resized_7435992646633e20d01d0c.jpeg , https://sdpmotors-usedcars.be/data/cars/20/resized_15016371156633e20d3829e.jpeg"
"Toyota","RAV-4","STYLE","1465033","autom. cvt","131 Kw (178 Hp)","2487 cc","wit (metaalkleur)","zwart (halfleder)","elektrisch / benzine","JTMRW3FV20D502835","17-05-2019","58000 Km","30-06-2024","Nee","Tavernier Zedelgem","Torhoutsesteenweg 191","Zedelgem","8210","+32 0 50/20.93.81","-","Foto's voertuig                                                       Vastgestelde schades Geen enkel schade vastgesteld Andere opmerkingen 10 JAAR GARANTIE VAN PRODUKTIE DATUM   ","https://tavernier-usedcars.be/data/cars/3372/resized_753880499665701b0d5e3f.jpeg , https://tavernier-usedcars.be/data/cars/3372/resized_1499076449665701adef2ff.jpeg , https://tavernier-usedcars.be/data/cars/3372/resized_2842942736657019aa1a88.jpeg , https://tavernier-usedcars.be/data/cars/3372/resized_1943567714665701ad00ffc.jpeg , https://tavernier-usedcars.be/data/cars/3372/resized_118082953766570196a380e.jpeg , https://tavernier-usedcars.be/data/cars/3372/resized_922831583665701979dc80.jpeg , https://tavernier-usedcars.be/data/cars/3372/resized_1653201388665701989b143.jpeg , https://tavernier-usedcars.be/data/cars/3372/resized_46557489866570195b1ac2.jpeg , https://tavernier-usedcars.be/data/cars/3372/resized_1287825826665701999c942.jpeg , https://tavernier-usedcars.be/data/cars/3372/resized_15470439776657019b9a905.jpeg , https://tavernier-usedcars.be/data/cars/3372/resized_2285800596657019c8e3f1.jpeg , https://tavernier-usedcars.be/data/cars/3372/resized_19859317276657019d7bc6f.jpeg , https://tavernier-usedcars.be/data/cars/3372/resized_11128174906657019e78546.jpeg , https://tavernier-usedcars.be/data/cars/3372/resized_13073330786657019f739c0.jpeg , https://tavernier-usedcars.be/data/cars/3372/resized_298357383665701a06e49e.jpeg , https://tavernier-usedcars.be/data/cars/3372/resized_720980071665701a174bb5.jpeg , https://tavernier-usedcars.be/data/cars/3372/resized_1118429733665701a282072.jpeg , https://tavernier-usedcars.be/data/cars/3372/resized_313696547665701a388ab4.jpeg , https://tavernier-usedcars.be/data/cars/3372/resized_1769617429665701a48e55e.jpeg , https://tavernier-usedcars.be/data/cars/3372/resized_263450521665701a585fcf.jpeg , https://tavernier-usedcars.be/data/cars/3372/resized_690060157665701a67cdbe.jpeg , https://tavernier-usedcars.be/data/cars/3372/resized_847533894665701a76e23a.jpeg , https://tavernier-usedcars.be/data/cars/3372/resized_200657347665701a85dbf5.jpeg , https://tavernier-usedcars.be/data/cars/3372/resized_1579136525665701a94ad15.jpeg , https://tavernier-usedcars.be/data/cars/3372/resized_788731481665701aa37da2.jpeg , https://tavernier-usedcars.be/data/cars/3372/resized_1422955429665701ab26892.jpeg , https://tavernier-usedcars.be/data/cars/3372/resized_1215170359665701ac0f968.jpeg , https://tavernier-usedcars.be/data/cars/3372/resized_1125165272665701aee9041.jpeg , https://tavernier-usedcars.be/data/cars/3372/resized_365111710665701afdc7f1.jpeg , https://tavernier-usedcars.be/data/cars/3372/resized_158260387266575d8a76e8a.jpeg , https://tavernier-usedcars.be/data/cars/3372/resized_173991159666575d8b69748.jpeg , https://tavernier-usedcars.be/data/cars/3372/resized_107069814466575d8c5fe3d.jpeg , https://tavernier-usedcars.be/data/cars/3372/resized_43533165566575d8d511b4.jpeg , https://tavernier-usedcars.be/data/cars/3372/resized_13447731066575d8e530c0.jpeg , https://tavernier-usedcars.be/data/cars/3372/resized_120288186666575d8f5400c.jpeg , https://tavernier-usedcars.be/data/cars/3372/resized_81009793766575d90427d6.jpeg , https://tavernier-usedcars.be/data/cars/3372/resized_91315984566575d912f343.jpeg , https://tavernier-usedcars.be/data/cars/3372/resized_105762436066575d921a018.jpeg , https://tavernier-usedcars.be/data/cars/3372/resized_147012992766575d9301a1e.jpeg , https://tavernier-usedcars.be/data/cars/3372/resized_202990493066575d93e1d4d.jpeg , https://tavernier-usedcars.be/data/cars/3372/resized_211563834366575d94d41e5.jpeg , https://tavernier-usedcars.be/data/cars/3372/resized_87481118766575d97a96b4.jpeg , https://tavernier-usedcars.be/data/cars/3372/resized_121193262066575d98ab34f.jpeg , https://tavernier-usedcars.be/data/cars/3372/resized_101982733366575d99951a5.jpeg , https://tavernier-usedcars.be/data/cars/3372/resized_12136862066575d9a8f4cb.jpeg , https://tavernier-usedcars.be/data/cars/3372/resized_5938371966575d9b819d8.jpeg , https://tavernier-usedcars.be/data/cars/3372/resized_205480629566575d9c70c31.jpeg , https://tavernier-usedcars.be/data/cars/3372/resized_49831524966575d9d6222c.jpeg , https://tavernier-usedcars.be/data/cars/3372/resized_211569813566575d9e44d54.jpeg , https://tavernier-usedcars.be/data/cars/3372/resized_202171105866575d9f30917.jpeg , https://tavernier-usedcars.be/data/cars/3372/resized_66320704166575da01b944.jpeg , https://tavernier-usedcars.be/data/cars/3372/resized_190604802766575da2e7732.jpeg , https://tavernier-usedcars.be/data/cars/3372/resized_98997262166575da3d8dfc.jpeg"
"Opel","Mokka","MOKKA","1465032","manueel 6","103 Kw (140 Hp)","1391 cc","zwart (metaalkleur)","zwart (halfleder)","benzine","W0LJD7E88FB135643","27-04-2015","159000 Km","29-06-2024","Nee","Ford Rousseau","Chaussée de Tournai 39","Tournai","7520","+32 (0) 69 22 19 21","-","Foto's voertuig                  Vastgestelde schades Achtervleugel rechts Schade en krassen GRIFFE PROFONDE   Achterdeur rechts Schade en krassen GRIFFE PROFONDE   Achterdeur links Schade COUP DE PORTIERE  Andere opmerkingen FACTURES A L\\\'APPUI ENTRETIENS   Interieur Vuil  ","https://rousseau-occasions.be/data/cars/5418/resized_119588456657456ccf001.jpg , https://rousseau-occasions.be/data/cars/5418/resized_4722168586657456d7480f.jpg , https://rousseau-occasions.be/data/cars/5418/resized_8020275686657456e1fc10.jpg , https://rousseau-occasions.be/data/cars/5418/resized_11657542166657456eb76b4.jpg , https://rousseau-occasions.be/data/cars/5418/resized_11604626386657456f52488.jpg , https://rousseau-occasions.be/data/cars/5418/resized_14619548156657456fe4cb4.jpg , https://rousseau-occasions.be/data/cars/5418/resized_1894617660665745708a8f8.jpg , https://rousseau-occasions.be/data/cars/5418/resized_794990936657457129023.jpg , https://rousseau-occasions.be/data/cars/5418/resized_33315872666574571bcd7f.jpg , https://rousseau-occasions.be/data/cars/5418/resized_10113186956657457265204.jpg , https://rousseau-occasions.be/data/cars/5418/resized_62970284466574572f3dda.jpg , https://rousseau-occasions.be/data/cars/5418/resized_1228321396665745739bacf.jpg , https://rousseau-occasions.be/data/cars/5418/resized_10397462076657457431499.jpg , https://rousseau-occasions.be/data/cars/5418/resized_197853782666574574c4419.jpg , https://rousseau-occasions.be/data/cars/5418/resized_1109568041665745756497b.jpg , https://rousseau-occasions.be/data/cars/5418/resized_1522471474665745760d39d.jpg"
"Alfa Romeo","Stelvio","Veloce Ti","1465031","auto 8","154 Kw (209 Hp)","2143 cc","onbepaald (metaalkleur)","zwart (alcantara)","diesel","ZARPAHDX5M7D21748","03-01-2022","108000 Km","20-07-2024","Ja","Louyet AMS","Rue des Sandrinettes 48","Mons-Cuesmes","7033","+32 65 40 10 45","-","Foto's voertuig                                   Vastgestelde schades Voorbumper Krassen    Motorkap Krassen    Linkse voordeur Krassen    Achterbumper Krassen    Achterwiel rechts Krassen    Voorwiel rechts Krassen    Achterwiel links Krassen    Voorwiel links Krassen    ","https://reprises-louyet.be/data/cars/77139/resized_60632947366575a0559849.jpeg , https://reprises-louyet.be/data/cars/77139/resized_160613796966575a0655937.jpeg , https://reprises-louyet.be/data/cars/77139/resized_75748794366575a074760e.jpeg , https://reprises-louyet.be/data/cars/77139/resized_195327287066575a083afbd.jpeg , https://reprises-louyet.be/data/cars/77139/resized_192243364166575a08d18c0.jpeg , https://reprises-louyet.be/data/cars/77139/resized_44814517066575a09be512.jpeg , https://reprises-louyet.be/data/cars/77139/resized_196464644766575a0af0163.jpeg , https://reprises-louyet.be/data/cars/77139/resized_22840188166575a0c9cd61.jpeg , https://reprises-louyet.be/data/cars/77139/resized_120682909866575a0da8e24.jpeg , https://reprises-louyet.be/data/cars/77139/resized_177959675166575a0eafa45.jpeg , https://reprises-louyet.be/data/cars/77139/resized_122526666366575a0fa7775.jpeg , https://reprises-louyet.be/data/cars/77139/resized_89165717866575a10aa940.jpeg , https://reprises-louyet.be/data/cars/77139/resized_69270779566575a11b1e2f.jpeg , https://reprises-louyet.be/data/cars/77139/resized_72146957366575a12aba5d.jpeg , https://reprises-louyet.be/data/cars/77139/resized_190561866966575a13a5e26.jpeg , https://reprises-louyet.be/data/cars/77139/resized_115221729466575a1495172.jpeg , https://reprises-louyet.be/data/cars/77139/resized_61581471366575a15716b4.jpeg , https://reprises-louyet.be/data/cars/77139/resized_31102116366575a16586fd.jpeg , https://reprises-louyet.be/data/cars/77139/resized_88613346566575a176bb0d.jpeg , https://reprises-louyet.be/data/cars/77139/resized_95513595866575a18580b5.jpeg , https://reprises-louyet.be/data/cars/77139/resized_14012003766575a193ef6f.jpeg , https://reprises-louyet.be/data/cars/77139/resized_6449730266575a1a3de23.jpeg , https://reprises-louyet.be/data/cars/77139/resized_196531952566575a1b338d0.jpeg , https://reprises-louyet.be/data/cars/77139/resized_30186943166575a1c21eb1.jpeg , https://reprises-louyet.be/data/cars/77139/resized_77232381166575a1d0901f.jpeg , https://reprises-louyet.be/data/cars/77139/resized_21308543166575a1d91884.jpeg , https://reprises-louyet.be/data/cars/77139/resized_145233492666575a1e79029.jpeg , https://reprises-louyet.be/data/cars/77139/resized_166945515766575a1f7941a.jpeg , https://reprises-louyet.be/data/cars/77139/resized_65411811066575a20817cc.jpeg , https://reprises-louyet.be/data/cars/77139/resized_188096063366575a217cfc5.jpeg , https://reprises-louyet.be/data/cars/77139/resized_1317176766575a22ac3a1.jpeg , https://reprises-louyet.be/data/cars/77139/resized_190349513866575a23a1ea8.jpeg , https://reprises-louyet.be/data/cars/77139/resized_41969090666575a24bca31.jpeg"
"Peugeot","Boxer","III Pro","1465030","manueel 6","81 Kw (110 Hp)","1997 cc","blauw (unikleur)","zwart (stof)","diesel","VF3YB1MFB12G43239","19-02-2018","43750 Km","10-06-2024","Nee","Kia Van Gansen","Leugenberg 105","Ekeren","2180","+32 0 3 660 26 02","-","Foto's voertuig                   Vastgestelde schades Voorbumper Krassen    Motorkap Krassen    Voorvleugel links Krassen    Voorvleugel rechts Krassen    Linkse voordeur Krassen    Rechtse voordeur Krassen    Achterdeur links Krassen    Achterdeur rechts Krassen    Achtervleugel links Schade en krassen    Achtervleugel rechts Krassen    Achterbumper Schade en krassen    ","https://felix-usedcars.be/data/cars/20614/resized_823203927665719350947d.jpeg , https://felix-usedcars.be/data/cars/20614/resized_4008188296657193607bf6.jpeg , https://felix-usedcars.be/data/cars/20614/resized_1871040213665719375f74a.jpeg , https://felix-usedcars.be/data/cars/20614/resized_145908208166571938c6292.jpeg , https://felix-usedcars.be/data/cars/20614/resized_6215914666571939dd459.jpeg , https://felix-usedcars.be/data/cars/20614/resized_19379321206657193ad31f3.jpeg , https://felix-usedcars.be/data/cars/20614/resized_14505262596657193bea223.jpeg , https://felix-usedcars.be/data/cars/20614/resized_20329731626657193d1feaa.jpeg , https://felix-usedcars.be/data/cars/20614/resized_14219538666657193e1873b.jpeg , https://felix-usedcars.be/data/cars/20614/resized_14829656566657193f1797f.jpeg , https://felix-usedcars.be/data/cars/20614/resized_20747672466571940001e3.jpeg , https://felix-usedcars.be/data/cars/20614/resized_66132749966571940e08ea.jpeg , https://felix-usedcars.be/data/cars/20614/resized_116998892166571941c893b.jpeg , https://felix-usedcars.be/data/cars/20614/resized_166650624966571942bb6e5.jpeg , https://felix-usedcars.be/data/cars/20614/resized_131906824166571943b0d4b.jpeg , https://felix-usedcars.be/data/cars/20614/resized_76961328966571944850e2.jpeg , https://felix-usedcars.be/data/cars/20614/resized_183916655866571945815bd.jpeg"
